{
	"info": {
		"_postman_id": "e2de28a3-cd03-4cce-8caa-186d0f69ea91",
		"name": "dh-backend-checkpoint2",
		"schema": "https://schema.getpostman.com/json/collection/v2.1.0/collection.json"
	},
	"item": [
		{
			"name": "POSTDENTISTS",
			"request": {
				"method": "POST",
				"header": [],
				"body": {
					"mode": "raw",
					"raw": "{\r\n    \"name\": \"Fe\",\r\n    \"lastname\": \"Se\",\r\n    \"email\": \"felipe@email.com\",\r\n    \"admissionDate\": \"2021-11-27T09:00:00.511Z\",\r\n    \"major\": \"Ortodontist\"\r\n}",
					"options": {
						"raw": {
							"language": "json"
						}
					}
				},
				"url": {
					"raw": "http://localhost:8080/dentists/save",
					"protocol": "http",
					"host": [
						"localhost"
					],
					"port": "8080",
					"path": [
						"dentists",
						"save"
					]
				}
			},
			"response": []
		},
		{
			"name": "GETALLDENTISTS",
			"request": {
				"method": "GET",
				"header": [],
				"url": {
					"raw": "http://localhost:8080/dentists/list",
					"protocol": "http",
					"host": [
						"localhost"
					],
					"port": "8080",
					"path": [
						"dentists",
						"list"
					]
				}
			},
			"response": []
		},
		{
			"name": "GETDENTISTBYID",
			"protocolProfileBehavior": {
				"disableBodyPruning": true
			},
			"request": {
				"method": "GET",
				"header": [],
				"body": {
					"mode": "raw",
					"raw": "",
					"options": {
						"raw": {
							"language": "json"
						}
					}
				},
				"url": {
					"raw": "http://localhost:8080/dentists/list/3",
					"protocol": "http",
					"host": [
						"localhost"
					],
					"port": "8080",
					"path": [
						"dentists",
						"list",
						"3"
					]
				}
			},
			"response": []
		},
		{
			"name": "UPDATEDENTIST",
			"request": {
				"method": "PUT",
				"header": [],
				"body": {
					"mode": "raw",
					"raw": "{\r\n    \"id\": 5,\r\n    \"name\": \"Felipe\",\r\n    \"lastname\": \"Los Angeles\",\r\n    \"admissionDate\": \"2021-11-27T10:00:00.511+00:00\",\r\n    \"email\": \"losangeles@gmail.com.br\"\r\n}",
					"options": {
						"raw": {
							"language": "json"
						}
					}
				},
				"url": {
					"raw": "http://localhost:8080/dentists/update",
					"protocol": "http",
					"host": [
						"localhost"
					],
					"port": "8080",
					"path": [
						"dentists",
						"update"
					]
				}
			},
			"response": []
		},
		{
			"name": "DELETEDENTISTBYID",
			"request": {
				"method": "DELETE",
				"header": [],
				"body": {
					"mode": "raw",
					"raw": "",
					"options": {
						"raw": {
							"language": "json"
						}
					}
				},
				"url": {
					"raw": "http://localhost:8080/dentists/delete/2",
					"protocol": "http",
					"host": [
						"localhost"
					],
					"port": "8080",
					"path": [
						"dentists",
						"delete",
						"2"
					]
				}
			},
			"response": []
		},
		{
			"name": "POSTPATIENT",
			"request": {
				"method": "POST",
				"header": [],
				"body": {
					"mode": "raw",
					"raw": "{\r\n    \"name\": \"Fe\",\r\n    \"lastname\": \"Mo\",\r\n    \"email\": \"felicio@gmail.com\",\r\n    \"registeringDate\": \"2021-11-27T14:00:00.511Z\",\r\n    \"address\":{\r\n        \"state\": \"São Paulo\",\r\n        \"city\": \"São José dos rios\",\r\n        \"neighborhood\": \"Jardim de Rios\",\r\n        \"street\": \"five\"\r\n    }\r\n}",
					"options": {
						"raw": {
							"language": "json"
						}
					}
				},
				"url": {
					"raw": "http://localhost:8080/patients/save",
					"protocol": "http",
					"host": [
						"localhost"
					],
					"port": "8080",
					"path": [
						"patients",
						"save"
					]
				}
			},
			"response": []
		},
		{
			"name": "GETALLPATIENTS",
			"protocolProfileBehavior": {
				"disableBodyPruning": true
			},
			"request": {
				"method": "GET",
				"header": [],
				"body": {
					"mode": "raw",
					"raw": "",
					"options": {
						"raw": {
							"language": "json"
						}
					}
				},
				"url": {
					"raw": "http://localhost:8080/patients/list",
					"protocol": "http",
					"host": [
						"localhost"
					],
					"port": "8080",
					"path": [
						"patients",
						"list"
					]
				}
			},
			"response": []
		},
		{
			"name": "GETPATIENTSBYID",
			"protocolProfileBehavior": {
				"disableBodyPruning": true
			},
			"request": {
				"method": "GET",
				"header": [],
				"body": {
					"mode": "raw",
					"raw": "",
					"options": {
						"raw": {
							"language": "json"
						}
					}
				},
				"url": {
					"raw": "http://localhost:8080/patients/list/1",
					"protocol": "http",
					"host": [
						"localhost"
					],
					"port": "8080",
					"path": [
						"patients",
						"list",
						"1"
					]
				}
			},
			"response": []
		},
		{
			"name": "UPDATEPATIENT",
			"request": {
				"method": "PUT",
				"header": [],
				"body": {
					"mode": "raw",
					"raw": "{\r\n    \"id\": 1,\r\n    \"name\": \"Fe\",\r\n    \"lastname\": \"New york\",\r\n    \"email\": \"newyork@gmail.com\",\r\n    \"registeringDate\": \"2021-11-27T15:23:00.511Z\",\r\n    \"address\":{\r\n        \"state\": \"New york\",\r\n        \"city\": \"New york\",\r\n        \"neighborhood\": \"New york\",\r\n        \"street\": \"New york\"\r\n    }\r\n}",
					"options": {
						"raw": {
							"language": "json"
						}
					}
				},
				"url": {
					"raw": "http://localhost:8080/patients/update",
					"protocol": "http",
					"host": [
						"localhost"
					],
					"port": "8080",
					"path": [
						"patients",
						"update"
					]
				}
			},
			"response": []
		},
		{
			"name": "DELETE",
			"request": {
				"method": "DELETE",
				"header": [],
				"body": {
					"mode": "raw",
					"raw": ""
				},
				"url": {
					"raw": "http://localhost:8080/patients/delete/2",
					"protocol": "http",
					"host": [
						"localhost"
					],
					"port": "8080",
					"path": [
						"patients",
						"delete",
						"2"
					]
				}
			},
			"response": []
		}
	]
}